;district;area;SUM(ed.qty);subcat_name;pincode
27;Thiruvananthapuram;2200;100.0;Cement;695024.0
74;Thiruvananthapuram;1200;1000.0;Cement;695581.0
79;Ernakulam;1500;1010.0;Cement;682020.0
85;Thiruvananthapuram;1200;1600.0;Cement;695582.0
96;Ernakulam;1200;200.0;Cement;683104.0
116;Thiruvananthapuram;2500;32.0;Cement;695582.0
150;Kozhikode;10000;1000.0;Cement;673616.0
159;Thiruvananthapuram;40000;3000.0;Cement;695005.0
160;Ernakulam;100000;10000.0;Cement;682311.0
168;Thiruvananthapuram;1500;600.0;Cement;695581.0
204;Kozhikode;17000;1054552.0;Cement;673004.0
215;Thiruvananthapuram;30000;3000.0;Cement;695013.0
233;Ernakulam;10000;1500.0;Cement;682020.0
301;Thiruvananthapuram;3000;5000.0;Cement;695014.0
311;Thiruvananthapuram;30000;800.0;Cement;695014.0
322;Thrissur;1200;120.0;Cement;680102.0
323;Kozhikode;3000;500.0;Cement;673612.0
326;Thiruvananthapuram;1200;1000.0;Cement;695001.0
354;Thiruvananthapuram;3200;10.0;Cement;695584.0
393;Ernakulam;12000;10000.0;Cement;682020.0
401;Thiruvananthapuram;2500;20.0;Cement;695582.0
423;Ernakulam;30000;20000.0;Cement;682025.0
443;Thiruvananthapuram;2000;1200.0;Cement;695607.0
459;Kozhikode;15000;100.0;Cement;673631.0
478;Thiruvananthapuram;20000;11000.0;Cement;695013.0
532;Pathanamthitta;2350;550.0;Cement;689544.0
536;Thiruvananthapuram;55234;23456.0;Cement;695582.0
541;Thiruvananthapuram;2500;6.0;Cement;695607.0
545;Kollam;1500;600.0;Cement;691310.0
550;Kollam;1600;600.0;Cement;691310.0
574;Thiruvananthapuram;1500;10000.0;Cement;695011.0
587;Kozhikode;20000;14678.0;Cement;673001.0
592;Kozhikode;18000;18648.0;Cement;673001.0
593;Kozhikode;10000;9000.0;Cement;673001.0
599;Kozhikode;25000;40000.0;Cement;673001.0
604;Kozhikode;9000;12600.0;Cement;673001.0
608;Kannur;10000;2250.0;Cement;670307.0
610;Ernakulam;2000;5000.0;Cement;682306.0
612;Kozhikode;100000;1100.0;Cement;673001.0
617;Thiruvananthapuram;2000;350.0;Cement;695582.0
623;Kannur;6000;3000.0;Cement;670307.0
640;Malappuram;58000;100.0;Cement;673636.0
645;Kozhikode;10000;100.0;Cement;673001.0
651;Kozhikode;2000;200.0;Cement;673004.0
653;Thiruvananthapuram;4000;4000.0;Cement;695006.0
658;Thiruvananthapuram;1800;1440.0;Cement;695003.0
662;Thiruvananthapuram;3000;7200.0;Cement;695025.0
672;Thiruvananthapuram;2500;6000.0;Cement;695043.0
676;Thiruvananthapuram;1500;3800.0;Cement;695582.0
677;Thiruvananthapuram;1500;3600.0;Cement;695010.0
682;Thiruvananthapuram;6000;5400.0;Cement;695011.0
690;Kollam;5000;12000.0;Cement;691506.0
695;Thiruvananthapuram;10000;16000.0;Cement;695010.0
699;Thiruvananthapuram;3000;7400.0;Cement;695582.0
700;Thiruvananthapuram;1600;2560.0;Cement;695581.0
704;Thiruvananthapuram;1500;2400.0;Cement;695522.0
705;Thiruvananthapuram;2000;3200.0;Cement;695016.0
724;Kozhikode;2000;600.0;Cement;673003.0
728;Ernakulam;4000;30000.0;Cement;682016.0
735;Kollam;4600;3700.0;Cement;691510.0
739;Alappuzha;20000;16000.0;Cement;688524.0
745;Thiruvananthapuram;900;200.0;Cement;695584.0
748;Thiruvananthapuram;5000;50000.0;Cement;695011.0
750;Ernakulam;15000;20000.0;Cement;682303.0
752;Thiruvananthapuram;2000;2000.0;Cement;695586.0
756;Pathanamthitta;2300;600.0;Cement;689544.0
759;Malappuram;15000;6000.0;Cement;676305.0
763;Ernakulam;3000;7200.0;Cement;682032.0
765;Ernakulam;18000;7200.0;Cement;682030.0
766;Ernakulam;75000;32001.0;Cement;682030.0
768;Ernakulam;45000;20000.0;Cement;682017.0
769;Ernakulam;190000;76000.0;Cement;682030.0
771;Thiruvananthapuram;2000;4000.0;Cement;695009.0
772;Thiruvananthapuram;2000;12000.0;Cement;695584.0
774;Thiruvananthapuram;1600;300.0;Cement;695588.0
796;Thrissur;1860;150.0;Cement;680631.0
798;Ernakulam;2000;8000.0;Cement;682034.0
799;Alappuzha;2000;2000.0;Cement;690104.0
803;Thiruvananthapuram;2000;900.0;Cement;695582.0
807;Ernakulam;30000;27000.0;Cement;683517.0
815;Ernakulam;3000;1200.0;Cement;682026.0
824;Thiruvananthapuram;4500;160.0;Cement;695582.0
827;Ernakulam;1500;1000.0;Cement;686668.0
829;Ernakulam;2000;1000.0;Cement;682024.0
838;Ernakulam;2000;420.0;Cement;683104.0
843;Kozhikode;5000;300.0;Cement;673012.0
845;Thiruvananthapuram;2000;2850.0;Cement;695004.0
850;Thiruvananthapuram;4000;343.0;Cement;695571.0
868;Kozhikode;17000;3700.0;Cement;673017.0
871;Ernakulam;2200;400.0;Cement;683546.0
881;Thiruvananthapuram;32000;60000.0;Cement;695007.0
893;Thiruvananthapuram;2000;3500.0;Cement;695582.0
903;Kozhikode;1500;11000.0;Cement;673603.0
905;Thiruvananthapuram;2500;1.0;Cement;695583.0
911;Ernakulam;1904;700.0;Cement;683562.0
919;Kozhikode;1500;1000.0;Cement;673602.0
926;Kozhikode;1500;1000.0;Cement;673001.0
929;Thiruvananthapuram;2000;10000.0;Cement;695582.0
932;Kozhikode;1000;100.0;Cement;673003.0
935;Kannur;2000;3300.0;Cement;670141.0
945;Kannur;3000;2000.0;Cement;670141.0
964;Ernakulam;100000;40000.0;Cement;682032.0
967;Thiruvananthapuram;2000;15000.0;Cement;695021.0
968;Ernakulam;2400;1000.0;Cement;682030.0
980;Ernakulam;45000;180000.0;Cement;682032.0
986;Kannur;2000;1000.0;Cement;670143.0
994;Kollam;1510;750.0;Cement;691506.0
999;Thiruvananthapuram;2000;2400.0;Cement;695043.0
1006;Thiruvananthapuram;2000;1600.0;Cement;695025.0
1018;Thiruvananthapuram;20000;1600.0;Cement;695010.0
1020;Kozhikode;2000;3000.0;Cement;673017.0
1022;Ernakulam;5000;2000.0;Cement;683511.0
1023;Malappuram;18000;10000.0;Cement;679322.0
1024;Malappuram;2000;20000.0;Cement;676303.0
1036;Thiruvananthapuram;5000;400.0;Cement;695043.0
1040;Thiruvananthapuram;5000;7500.0;Cement;695038.0
1054;Thiruvananthapuram;1000;500.0;Cement;695582.0
1061;Pathanamthitta;2000;22000.0;Cement;689647.0
1066;Kozhikode;100000;20000.0;Cement;673010.0
1070;Malappuram;2000;100.0;Cement;676121.0
1072;Palakkad;1150;225.0;Cement;679505.0
1080;Kannur;5000;3500.0;Cement;670307.0
1116;Malappuram;3000;1150.0;Cement;676121.0
1136;Kannur;2400;40.0;Cement;670521.0
1138;Ernakulam;2000;21000.0;Cement;682020.0
1146;Thiruvananthapuram;5000;2000.0;Cement;695029.0
1157;Thiruvananthapuram;5000;5.0;Cement;695010.0
1165;Kannur;2500;2000.0;Cement;670307.0
1173;Kannur;2500;500.0;Cement;670521.0
1176;Thrissur;50000;10000.0;Cement;680006.0
1198;Kannur;2500;15000.0;Cement;670521.0
1207;Ernakulam;5000;5000.0;Cement;682024.0
1216;Thiruvananthapuram;1500;1000.0;Cement;695582.0
1219;Thiruvananthapuram;15000;300.0;Cement;695017.0
1228;Kannur;100000;28000.0;Cement;670141.0
1230;Ernakulam;15000;90000.0;Cement;682020.0
1232;Malappuram;4500;100.0;Cement;676122.0
1236;Kozhikode;1000;1.0;Cement;673001.0
1239;Thiruvananthapuram;1500;10000.0;Cement;695582.0
1244;Kozhikode;8500;3400.0;Cement;673571.0
1247;Malappuram;800;1000.0;Cement;676303.0
1256;Thiruvananthapuram;120000;1500.0;Cement;695003.0
1258;Kozhikode;200000;5000.0;Cement;673017.0
1261;Kozhikode;5000;10000.0;Cement;673017.0
1263;Kannur;2000;1200.0;Cement;670142.0
1265;Kannur;1800;6000.0;Cement;670141.0
1269;Ernakulam;150000;800.0;Cement;683511.0
1271;Ernakulam;150000;11000.0;Cement;682025.0
1280;Kannur;2000;2005.0;Cement;670307.0
1285;Kannur;3700;300.0;Cement;670142.0
1290;Thrissur;5000;1000.0;Cement;680571.0
1292;Malappuram;15000;6000.0;Cement;679322.0
1296;Malappuram;2000;5000.0;Cement;676305.0
1308;Thiruvananthapuram;5000;4000.0;Cement;695014.0
1311;Thiruvananthapuram;5000;2000.0;Cement;695583.0
1330;Kannur;2000;2000.0;Cement;670307.0
1335;Thrissur;20000;20000.0;Cement;680551.0
1336;Thrissur;20000;200.0;Cement;680551.0
1339;Kannur;10000;3000.0;Cement;670306.0
1345;Kannur;2300;150.0;Cement;670142.0
1348;Kannur;5000;9000.0;Cement;670501.0
1351;Kannur;100000;600.0;Cement;670307.0
1361;Thiruvananthapuram;1000;500.0;Cement;695122.0
1370;Kottayam;2600;3000.0;Cement;686612.0
1387;Ernakulam;3000;3000.0;Cement;682306.0
1392;Thrissur;5000;50000.0;Cement;680014.0
1397;Thiruvananthapuram;2000;3000.0;Cement;695583.0
1401;Kozhikode;3000;200.0;Cement;673016.0
1403;Thiruvananthapuram;2500;2142.0;Cement;695102.0
1412;Kollam;3000;800.0;Cement;691013.0
1421;Alappuzha;18000;2.0;Cement;688524.0
1428;Kozhikode;1500;10000.0;Cement;673017.0
1430;Thiruvananthapuram;2000;1000.0;Cement;695582.0
1436;Thiruvananthapuram;1560;6000.0;Cement;695582.0
1438;Kozhikode;2700;120.0;Cement;673612.0
1441;Kollam;2200;10000.0;Cement;691535.0
1444;Thiruvananthapuram;2000;10000.0;Cement;695009.0
1449;Thiruvananthapuram;2570;10000.0;Cement;695501.0
1450;Thiruvananthapuram;5400;20000.0;Cement;695582.0
1459;Kozhikode;2700;8.0;Cement;673586.0
1462;Kozhikode;5000;6.0;Cement;673001.0
1468;Wayanad;7000;3600.0;Cement;670644.0
1496;Thiruvananthapuram;5000;8000.0;Cement;695001.0
1503;Kannur;30000;120.0;Cement;670101.0
1509;Malappuram;27000;1000.0;Cement;676505.0
1529;Thiruvananthapuram;3500;100.0;Cement;695021.0
1530;Kannur;1500;1000.0;Cement;670001.0
1533;Malappuram;1500;600.0;Cement;676303.0
1538;Kozhikode;2000;2000.0;Cement;673612.0
1540;Thiruvananthapuram;1800;5750.0;Cement;695013.0
1544;Thiruvananthapuram;10000;800.0;Cement;695582.0
1548;Thiruvananthapuram;2400;2000.0;Cement;695008.0
1555;Thiruvananthapuram;2200;400.0;Cement;695010.0
1559;Kollam;12000;20000.0;Cement;691001.0
1561;Thrissur;2000;1000.0;Cement;680507.0
1570;Kozhikode;200000;8000.0;Cement;673017.0
1571;Kozhikode;5000;1000.0;Cement;673001.0
1590;Kozhikode;1500;300.0;Cement;673017.0
1607;Kozhikode;1400;50.0;Cement;673017.0
1624;Kozhikode;1500;600.0;Cement;673005.0
1633;Kozhikode;2400;400.0;Cement;673008.0
1635;Kozhikode;1700;700.0;Cement;673305.0
1642;Kozhikode;35000;2000.0;Cement;673001.0
1652;Ernakulam;3370;1200.0;Cement;682030.0
1659;Malappuram;1500;1900.0;Cement;673314.0
1661;Thrissur;2000;800.0;Cement;680602.0
1688;Kozhikode;20000;7500.0;Cement;673571.0
1699;Thiruvananthapuram;26000;1000.0;Cement;695005.0
1703;Thiruvananthapuram;2200;1000.0;Cement;695017.0
1707;Thiruvananthapuram;2200;1000.0;Cement;695033.0
1713;Thiruvananthapuram;1800;1000.0;Cement;695583.0
1722;Thiruvananthapuram;2200;1000.0;Cement;695015.0
1726;Thiruvananthapuram;2000;800.0;Cement;695014.0
1734;Thiruvananthapuram;2200;400.0;Cement;695004.0
1747;Malappuram;18000;5000.0;Cement;676108.0
1749;Thiruvananthapuram;2400;2600.0;Cement;695033.0
1754;Malappuram;2500;900.0;Cement;673314.0
1762;Kannur;2500;350.0;Cement;670142.0
1765;Kottayam;50000;20000.0;Cement;686575.0
1770;Malappuram;3500;1400.0;Cement;676101.0
1778;Kannur;2000;150.0;Cement;670001.0
1783;Kottayam;3000;1200.0;Cement;686605.0
1789;Thiruvananthapuram;1850;650.0;Cement;695571.0
1796;Kozhikode;8000;1000.0;Cement;673508.0
1800;Thiruvananthapuram;1600;600.0;Cement;695008.0
1804;Thiruvananthapuram;2000;700.0;Cement;695121.0
1813;Thiruvananthapuram;1000;400.0;Cement;695572.0
1816;Thiruvananthapuram;4000;1600.0;Cement;695573.0
1820;Thiruvananthapuram;1500;600.0;Cement;695573.0
1827;Thiruvananthapuram;1500;600.0;Cement;695005.0
1830;Kottayam;3600;1440.0;Cement;686001.0
1843;Kottayam;2500;1000.0;Cement;686612.0
1847;Kozhikode;60000;18000.0;Cement;673019.0
1850;Thiruvananthapuram;75000;300.0;Cement;695024.0
1855;Wayanad;25000;9000.0;Cement;673576.0
1857;Kozhikode;2000;5000.0;Cement;673613.0
1859;Malappuram;2200;1000.0;Cement;676101.0
1864;Thiruvananthapuram;1000;400.0;Cement;695563.0
1868;Malappuram;2000;800.0;Cement;676306.0
1876;Thiruvananthapuram;1200;400.0;Cement;695012.0
1881;Kozhikode;1500;600.0;Cement;673008.0
1884;Thiruvananthapuram;2500;1000.0;Cement;695025.0
1888;Kozhikode;4000;1600.0;Cement;673008.0
1893;Ernakulam;1800;27720.0;Cement;686661.0
1897;Kozhikode;35000;5000.0;Cement;673612.0
1902;Thiruvananthapuram;2000;800.0;Cement;695141.0
1906;Kozhikode;1600;640.0;Cement;673007.0
1910;Kozhikode;20000;2000.0;Cement;673573.0
1913;Kozhikode;18000;2000.0;Cement;673572.0
1918;Kozhikode;2500;700.0;Cement;673001.0
1919;Kozhikode;10000;1000.0;Cement;673620.0
1921;Kozhikode;2000;150.0;Cement;673614.0
1923;Kozhikode;2300;100.0;Cement;673614.0
1928;Kozhikode;8000;3000.0;Cement;673012.0
1929;Kozhikode;30000;12000.0;Cement;673012.0
1930;Ernakulam;100000;20000.0;Cement;682017.0
1931;Ernakulam;100000;530000.0;Cement;682017.0
1934;Ernakulam;75000;10000.0;Cement;682034.0
1939;Ernakulam;150000;10000.0;Cement;682019.0
1944;Ernakulam;5000;2000.0;Cement;682017.0
1948;Ernakulam;6000;3000.0;Cement;682036.0
1952;Ernakulam;10000;5000.0;Cement;683101.0
1957;Thrissur;1500;600.0;Cement;680711.0
1962;Idukki;2950;1180.0;Cement;685584.0
1964;Thiruvananthapuram;1500;20600.0;Cement;695582.0
1969;Kozhikode;12000;500.0;Cement;673571.0
1972;Kozhikode;2000;500.0;Cement;673574.0
1984;Kozhikode;2400;500.0;Cement;673572.0
1986;Wayanad;2300;500.0;Cement;673576.0
1989;Kozhikode;27000;2000.0;Cement;673001.0
1990;Kozhikode;19000;4000.0;Cement;673001.0
1993;Kozhikode;30000;500.0;Cement;673002.0
1999;Kozhikode;34000;1000.0;Cement;673005.0
2002;Kozhikode;7000;1000.0;Cement;673004.0
2003;Kozhikode;5000;1000.0;Cement;673015.0
2006;Kozhikode;12000;1000.0;Cement;673001.0
2029;Thiruvananthapuram;2400;800.0;Cement;695543.0
2035;Thiruvananthapuram;750;1000.0;Cement;695006.0
2036;Thiruvananthapuram;1700;680.0;Cement;695028.0
2046;Thiruvananthapuram;3000;1200.0;Cement;695582.0
2051;Palakkad;2300;930.0;Cement;679101.0
2057;Thiruvananthapuram;2000;1000.0;Cement;695020.0
2062;Thiruvananthapuram;1800;720.0;Cement;695522.0
2068;Kannur;1800;720.0;Cement;670601.0
2070;Thiruvananthapuram;1200;480.0;Cement;695017.0
2074;Thiruvananthapuram;1500;1000.0;Cement;695562.0
2077;Malappuram;14000;5600.0;Cement;673314.0
2085;Alappuzha;1500;600.0;Cement;688524.0
2090;Thiruvananthapuram;2500;1000.0;Cement;695015.0
2095;Malappuram;1500;5400.0;Cement;676305.0
2096;Thiruvananthapuram;1500;1000.0;Cement;695003.0
2101;Thiruvananthapuram;2000;1600.0;Cement;695564.0
2104;Thiruvananthapuram;2500;1000.0;Cement;695001.0
2107;Thiruvananthapuram;1200;1000.0;Cement;695020.0
2108;Alappuzha;300000;1000.0;Cement;689121.0
2119;Kozhikode;5379;1870.0;Cement;673010.0
2154;Thiruvananthapuram;2000;800.0;Cement;695002.0
2159;Thiruvananthapuram;1600;640.0;Cement;695301.0
2162;Thiruvananthapuram;2000;800.0;Cement;695021.0
2166;Thiruvananthapuram;1300;520.0;Cement;695020.0
2170;Thiruvananthapuram;1300;520.0;Cement;695582.0
2173;Thiruvananthapuram;1800;720.0;Cement;695582.0
2177;Thiruvananthapuram;1200;11000.0;Cement;695014.0
2182;Kozhikode;2800;1100.0;Cement;673612.0
2189;Thiruvananthapuram;2500;102.0;Cement;695581.0
2200;Thiruvananthapuram;1500;600.0;Cement;695028.0
2205;Thiruvananthapuram;1500;600.0;Cement;695002.0
2210;Thiruvananthapuram;2000;800.0;Cement;695006.0
2214;Malappuram;1800;720.0;Cement;679321.0
2217;Kottayam;3000;3.0;Cement;686602.0
2221;Ernakulam;50000;100000.0;Cement;682017.0
2242;Ernakulam;60000;30000.0;Cement;683517.0
2254;Ernakulam;40000;916146.0;Cement;682037.0
2259;Thrissur;1700;20.0;Cement;680671.0
2264;Malappuram;1500;1200.0;Cement;676101.0
2269;Ernakulam;50000;50000.0;Cement;683104.0
2275;Ernakulam;120000;75000.0;Cement;682024.0
2278;Malappuram;1500;1800.0;Cement;676102.0
2282;Thiruvananthapuram;3500;50.0;Cement;695005.0
2284;Wayanad;3500;1550.0;Cement;673121.0
2286;Thiruvananthapuram;2000;1000.0;Cement;695316.0
2289;Ernakulam;75000;75000.0;Cement;682311.0
2296;Kozhikode;1500;600.0;Cement;673525.0
2297;Kannur;850;100.0;Cement;670521.0
2301;Kollam;2200;300.0;Cement;691001.0
2302;Kannur;2700;220.0;Cement;670521.0
2313;Thiruvananthapuram;1231;430.0;Cement;695507.0
2315;Palakkad;1200;50.0;Cement;679103.0
2346;Kannur;2800;1320.0;Cement;670307.0
2347;Kannur;1600;200.0;Cement;670142.0
2354;Palakkad;40000;20000.0;Cement;678013.0
2358;Ernakulam;75000;45000.0;Cement;682030.0
2363;Ernakulam;2000;3200.0;Cement;682304.0
2378;Palakkad;1500;600.0;Cement;679553.0
2380;Ernakulam;2500;1500.0;Cement;682030.0
2381;Thrissur;1000;500.0;Cement;680567.0
2382;Kottayam;2500;1000.0;Cement;686510.0
2383;Pathanamthitta;2000;800.0;Cement;689502.0
2384;Ernakulam;2500;850.0;Cement;682304.0
2390;Thiruvananthapuram;1000;100.0;Cement;695025.0
2392;Ernakulam;2230;1000.0;Cement;682305.0
2401;Malappuram;2200;1760.0;Cement;676101.0
2419;Kollam;1500;2000.0;Cement;691310.0
2420;Thiruvananthapuram;1350;400.0;Cement;695541.0
2424;Thiruvananthapuram;8500;2000.0;Cement;695615.0
2446;Malappuram;2000;800.0;Cement;676306.0
2450;Thiruvananthapuram;3100;800.0;Cement;695003.0
2454;Thiruvananthapuram;2500;1028.0;Cement;695581.0
2458;Thiruvananthapuram;1100;1000.0;Cement;695581.0
2460;Kannur;8000;1.0;Cement;670142.0
2465;Kannur;37000;14000.0;Cement;670307.0
2469;Thiruvananthapuram;1500;600.0;Cement;695006.0
2477;Thiruvananthapuram;2650;300.0;Cement;695587.0
2506;Malappuram;9500;225.0;Cement;676303.0
2516;Kozhikode;2000;1600.0;Cement;673016.0
2517;Kannur;3000;600.0;Cement;670674.0
2521;Thiruvananthapuram;2000;800.0;Cement;695001.0
2526;Thiruvananthapuram;2300;900.0;Cement;695581.0
2534;Kannur;2000;1350.0;Cement;670307.0
2535;Wayanad;2000;100.0;Cement;673592.0
2537;Thiruvananthapuram;10000;4000.0;Cement;695017.0
2546;Thiruvananthapuram;2000;1000.0;Cement;695583.0
2555;Kollam;900;1000.0;Cement;691579.0
2556;Kollam;2000;1000.0;Cement;691578.0
2571;Malappuram;45000;100.0;Cement;676519.0
2577;Kozhikode;15000;1000.0;Cement;673001.0
2582;Thiruvananthapuram;37100;3000.0;Cement;695011.0
2588;Ernakulam;65000;10000.0;Cement;682030.0
2593;Thrissur;1350;600.0;Cement;680523.0
2603;Thiruvananthapuram;1840;730.0;Cement;695141.0
2605;Kannur;2850;1200.0;Cement;670001.0
2611;Kollam;1800;1600.0;Cement;691574.0
2619;Thiruvananthapuram;2650;1060.0;Cement;695587.0
2624;Kollam;5000;1000.0;Cement;691510.0
2626;Kozhikode;10000;5000.0;Cement;673504.0
2631;Kozhikode;10000;4000.0;Cement;673602.0
2632;Malappuram;12000;4250.0;Cement;673638.0
2636;Idukki;3000;1200.0;Cement;685612.0
2642;Malappuram;1800;200.0;Cement;676121.0
2643;Kottayam;2000;800.0;Cement;686101.0
2648;Thrissur;2000;1000.0;Cement;680511.0
2650;Thiruvananthapuram;1800;800.0;Cement;695541.0
2652;Malappuram;3000;600.0;Cement;679339.0
2657;Wayanad;1700;700.0;Cement;673579.0
2659;Thrissur;3500;100.0;Cement;680506.0
2663;Kozhikode;1500;5.0;Cement;673601.0
2672;Thiruvananthapuram;1230;492.0;Cement;695001.0
2677;Palakkad;1250;500.0;Cement;679101.0
2678;Alappuzha;2300;1000.0;Cement;690515.0
2687;Palakkad;14000;5600.0;Cement;678623.0
2693;Thrissur;2300;920.0;Cement;680307.0
2699;Thiruvananthapuram;2000;800.0;Cement;695017.0
2704;Malappuram;90000;36000.0;Cement;679322.0
2711;Kollam;7500;3000.0;Cement;691003.0
2714;Thiruvananthapuram;60000;100000.0;Cement;695582.0
2720;Ernakulam;2043;200.0;Cement;682024.0
2728;Kozhikode;2500;10989.0;Cement;673574.0
2737;Alappuzha;1000;400.0;Cement;688521.0
2742;Kozhikode;2500;1500.0;Cement;673541.0
2747;Thiruvananthapuram;2600;1000.0;Cement;695001.0
2751;Kozhikode;400;1125.0;Cement;673508.0
2761;Malappuram;35000;14025.0;Cement;679329.0
2770;Kannur;20000;75.0;Cement;670307.0
2771;Kozhikode;2000;900.0;Cement;673009.0
2778;Ernakulam;1800;20.0;Cement;682021.0
2788;Thiruvananthapuram;1800;800.0;Cement;695013.0
2810;Kozhikode;2800;2240.0;Cement;673005.0
2820;Kannur;3800;500.0;Cement;670307.0
2824;Kozhikode;1323;565.0;Cement;673019.0
2848;Thrissur;2600;1040.0;Cement;680506.0
2868;Kasargod;2000;50.0;Cement;671310.0
2874;Kannur;3200;1100.0;Cement;670307.0
2883;Kannur;2400;1200.0;Cement;670307.0
2898;Kannur;2500;850.0;Cement;670307.0
2905;Kannur;950;1500.0;Cement;670307.0
2927;Ernakulam;6000;50.0;Cement;682314.0
2929;Malappuram;4500;1800.0;Cement;676106.0
2947;Malappuram;2500;1000.0;Cement;676302.0
2951;Kannur;2000;1000.0;Cement;670141.0
2954;Kannur;1400;700.0;Cement;670674.0
2957;Palakkad;2900;300.0;Cement;679101.0
2962;Kozhikode;2000;50.0;Cement;673611.0
2970;Malappuram;1500;20.0;Cement;676304.0
2975;Kollam;2000;20020020.0;Cement;690561.0
2976;Kozhikode;2000;500.0;Cement;673655.0
3001;Kozhikode;500000;100000.0;Cement;673001.0
3008;Thiruvananthapuram;103680;41472.0;Cement;695014.0
3012;Kannur;1500;900.0;Cement;670307.0
3030;Thiruvananthapuram;2000;800.0;Cement;695582.0
3035;Ernakulam;18000;7200.0;Cement;683594.0
3038;Kozhikode;2600;100.0;Cement;673631.0
3045;Ernakulam;2000;1000.0;Cement;682010.0
3047;Malappuram;2000;800.0;Cement;673314.0
3051;Ernakulam;5000;1000.0;Cement;682024.0
3063;Thiruvananthapuram;1530;50.0;Cement;695007.0
3075;Kozhikode;1200;800.0;Cement;673305.0
3082;Thiruvananthapuram;2200;4000.0;Cement;695024.0
3091;Kozhikode;800;350.0;Cement;673104.0
3097;Ernakulam;1100;50.0;Cement;683544.0
3099;Kozhikode;3000;50.0;Cement;673008.0
3100;Kasargod;222;10.0;Cement;671533.0
3104;Kozhikode;3350;100.0;Cement;673582.0
3107;Kozhikode;6300;400.0;Cement;673017.0
3110;Pathanamthitta;2700;100.0;Cement;691556.0
3112;Thiruvananthapuram;1800;2008.0;Cement;695007.0
3118;Kozhikode;2700;60.0;Cement;673529.0
3120;Kollam;1232;100.0;Cement;691512.0
3129;Ernakulam;1520;100.0;Cement;686692.0
3134;Malappuram;800;50.0;Cement;679321.0
3136;Thrissur;1500;10.0;Cement;680542.0
3138;Kollam;2400;50.0;Cement;690540.0
3140;Kozhikode;2000;1000.0;Cement;673633.0
3144;Palakkad;2651;860.0;Cement;679121.0
3146;Kottayam;1225;300.0;Cement;686608.0
3152;Pathanamthitta;400;100.0;Cement;689551.0
3158;Ernakulam;1800;700.0;Cement;683565.0
3190;Alappuzha;2925;150.0;Cement;690505.0
3195;Thrissur;1600;100.0;Cement;680722.0
3199;Thrissur;1500;200.0;Cement;680010.0
3202;Kasargod;1800;240.0;Cement;671123.0
3206;Kannur;3485;100.0;Cement;670672.0
3208;Alappuzha;3000;175.0;Cement;690506.0
3233;Thrissur;1500;170.0;Cement;680552.0
3247;Palakkad;2500;100.0;Cement;678762.0
3250;Alappuzha;1300;200.0;Cement;690101.0
3257;Alappuzha;2500;650.0;Cement;689571.0
3266;Kollam;1800;4.0;Cement;691322.0
3268;Malappuram;2000;50.0;Cement;676102.0
3271;Malappuram;1750;50.0;Cement;679586.0
3272;Kottayam;1400;1000.0;Cement;686518.0
3273;Thiruvananthapuram;2300;2.0;Cement;695581.0
3282;Ernakulam;1960;200.0;Cement;683581.0
3289;Thrissur;1300;100.0;Cement;680012.0
3294;Kannur;1200;500.0;Cement;670309.0
3307;Kozhikode;1200;50.0;Cement;673010.0
3309;Kollam;1500;100.0;Cement;691543.0
3313;Kottayam;2300;250.0;Cement;686613.0
3315;Kottayam;1600;20.0;Cement;686512.0
3347;Thiruvananthapuram;1800;251.0;Cement;695032.0
3349;Thiruvananthapuram;1200;50.0;Cement;695009.0
3353;Thiruvananthapuram;1500;600.0;Cement;695582.0
3358;Ernakulam;2450;750.0;Cement;682312.0
3363;Thrissur;2250;50.0;Cement;680584.0
3373;Idukki;1000;300.0;Cement;686513.0
3385;Alappuzha;2550;500.0;Cement;688505.0
3387;Kozhikode;1800;65.0;Cement;673010.0
3397;Palakkad;1700;50.0;Cement;679503.0
3400;Wayanad;2600;250.0;Cement;670645.0
3405;Malappuram;2400;50.0;Cement;673636.0
3409;Palakkad;4000;50.0;Cement;678101.0
3411;Kozhikode;1500;10.0;Cement;673006.0
3412;Idukki;2750;100.0;Cement;685515.0
3417;Malappuram;300;10.0;Cement;676503.0
3425;Kannur;2500;100.0;Cement;670327.0
3434;Malappuram;1100;100.0;Cement;679333.0
3437;Kollam;2000;25.0;Cement;691301.0
3440;Kannur;2250;100.0;Cement;670595.0
3441;Wayanad;2300;200.0;Cement;670645.0
3443;Kozhikode;2500;300.0;Cement;673661.0
3447;Pathanamthitta;1750;130.0;Cement;689612.0
3448;Ernakulam;1600;40.0;Cement;682309.0
3459;Palakkad;2600;180.0;Cement;678762.0
3462;Ernakulam;12000;10.0;Cement;682021.0
3464;Thiruvananthapuram;1550;200.0;Cement;695317.0
3467;Palakkad;3000;20.0;Cement;679303.0
3470;Kollam;800;250.0;Cement;691581.0
3473;Malappuram;5000;2000.0;Cement;679576.0
3476;Thrissur;1200;100.0;Cement;680545.0
3477;Ernakulam;2700;200.0;Cement;682305.0
3487;Kozhikode;3087;50.0;Cement;673506.0
3498;Thrissur;2000;50.0;Cement;680102.0
3499;Malappuram;1000;50.0;Cement;676553.0
3502;Ernakulam;2500;50.0;Cement;682001.0
3506;Thrissur;2900;1000.0;Cement;680566.0
3508;Kottayam;3000;300.0;Cement;686121.0
3516;Ernakulam;1250;500.0;Cement;682503.0
3521;Kozhikode;2500;50.0;Cement;673620.0
3523;Thrissur;2330;500.0;Cement;680003.0
3528;Kollam;1900;1150.0;Cement;690518.0
3532;Palakkad;900;5.0;Cement;678601.0
3534;Kottayam;650;50.0;Cement;686015.0
3543;Kollam;6000;6.0;Cement;691509.0
3548;Ernakulam;1524;1.0;Cement;682007.0
3549;Ernakulam;1400;300.0;Cement;686671.0
3556;Kannur;800;100.0;Cement;670511.0
3563;Alappuzha;2813;1125.0;Cement;689521.0
3579;Kannur;2100;250.0;Cement;670562.0
3580;Palakkad;2660;1080.0;Cement;679534.0
3594;Thrissur;1200;50.0;Cement;680303.0
3596;Ernakulam;3000;1200.0;Cement;683576.0
3601;Thiruvananthapuram;1500;200.0;Cement;695006.0
3639;Thrissur;3500;100.0;Cement;680651.0
3644;Kozhikode;1000;20.0;Cement;673016.0
3654;Palakkad;2650;860.0;Cement;679303.0
3667;Kollam;2100;100.0;Cement;691576.0
3668;Kozhikode;800;300.0;Cement;673019.0
3683;Thrissur;1428;150.0;Cement;680667.0
3684;Thiruvananthapuram;1800;10.0;Cement;695029.0
3685;Pathanamthitta;750;143.0;Cement;689694.0
3690;Kollam;3000;2.0;Cement;690525.0
3695;Pathanamthitta;2100;100.0;Cement;689112.0
3698;Kannur;1850;400.0;Cement;670582.0
3706;Kottayam;1700;15.0;Cement;686630.0
3710;Kozhikode;900;360.0;Cement;673017.0
3726;Ernakulam;1650;250.0;Cement;682021.0
3731;Ernakulam;2558;1000.0;Cement;682304.0
3737;Ernakulam;4000;1600.0;Cement;682001.0
3740;Kannur;2500;1500.0;Cement;670142.0
3752;Thiruvananthapuram;2500;3000.0;Cement;695582.0
3763;Malappuram;2768;150.0;Cement;676501.0
3768;Kannur;1100;500.0;Cement;670334.0
3775;Alappuzha;2026;200.0;Cement;688003.0
3776;Ernakulam;1580;250.0;Cement;682311.0
3783;Kozhikode;2500;250.0;Cement;673001.0
3792;Ernakulam;1500;150.0;Cement;682032.0
3795;Malappuram;3000;50.0;Cement;679325.0
3797;Kannur;2500;450.0;Cement;670143.0
3800;Pathanamthitta;1000;150.0;Cement;691523.0
3802;Kannur;1800;200.0;Cement;670307.0
3817;Thiruvananthapuram;4550;102.0;Cement;695582.0
3826;Ernakulam;1700;10.0;Cement;683519.0
3840;Thrissur;2778;1112.0;Cement;680542.0
3858;Malappuram;1234;12333.0;Cement;673314.0
3862;Thiruvananthapuram;1400;50.0;Cement;695584.0
3895;Kannur;2700;83.0;Cement;670581.0
3897;Ernakulam;3600;1000.0;Cement;682001.0
3899;Kottayam;1100;50.0;Cement;686572.0
3915;Kannur;2000;150.0;Cement;670331.0
3926;Pathanamthitta;2200;500.0;Cement;689646.0
3930;Kannur;1000;200.0;Cement;670331.0
3939;Pathanamthitta;1750;1.0;Cement;689646.0
3944;Kannur;1100;100.0;Cement;670307.0
3948;Pathanamthitta;3000;1000.0;Cement;689548.0
3953;Alappuzha;1450;250.0;Cement;688538.0
3958;Ernakulam;2600;100.0;Cement;682301.0
3962;Ernakulam;2400;50.0;Cement;686668.0
3973;Malappuram;2200;880.0;Cement;676306.0
3978;Alappuzha;2235;300.0;Cement;688524.0
3990;Kannur;2600;1264.0;Cement;670561.0
3994;Kottayam;1400;500.0;Cement;686506.0
4001;Thiruvananthapuram;1250;500.0;Cement;695005.0
4003;Kannur;1900;350.0;Cement;670631.0
4009;Kollam;2560;800.0;Cement;691533.0
4012;Malappuram;2000;800.0;Cement;676303.0
4041;Thiruvananthapuram;2000;600.0;Cement;695006.0
4044;Alappuzha;2500;650.0;Cement;688537.0
4045;Malappuram;1500;26.0;Cement;673314.0
4048;Kannur;2970;1000.0;Cement;670142.0
4062;Kollam;1300;200.0;Cement;691533.0
4070;Ernakulam;2191;120.0;Cement;682301.0
4071;Malappuram;2600;200.0;Cement;676519.0
4075;Palakkad;1850;50.0;Cement;679303.0
4085;Malappuram;1500;100.0;Cement;673639.0
4090;Palakkad;800;50.0;Cement;679303.0
4093;Kollam;1750;50.0;Cement;690518.0
4094;Malappuram;1350;450.0;Cement;676552.0
4103;Thiruvananthapuram;2100;500.0;Cement;695026.0
4110;Kannur;2700;650.0;Cement;670673.0
4117;Thiruvananthapuram;1650;660.0;Cement;695008.0
4133;Malappuram;3200;720.0;Cement;673638.0
4145;Thiruvananthapuram;2200;1000.0;Cement;695582.0
4146;Thiruvananthapuram;1700;300.0;Cement;695305.0
4149;Thiruvananthapuram;2000;800.0;Cement;695305.0
4161;Kasargod;1400;560.0;Cement;671124.0
4165;Alappuzha;1300;400.0;Cement;690514.0
4174;Thiruvananthapuram;1800;400.0;Cement;695317.0
4194;Kannur;3000;350.0;Cement;670009.0
4209;Malappuram;25000;600.0;Cement;676122.0
4212;Kannur;1800;300.0;Cement;670141.0
4213;Kannur;1400;110.0;Cement;670561.0
4227;Malappuram;1500;200.0;Cement;679330.0
4235;Ernakulam;2250;50.0;Cement;683105.0
4253;Malappuram;2000;12000.0;Cement;673638.0
4257;Malappuram;5500;1600.0;Cement;673638.0
4260;Kannur;2800;1000.0;Cement;670011.0
4277;Thrissur;2450;130.0;Cement;680724.0
4278;Kozhikode;1500;1000.0;Cement;673631.0
4281;Kannur;6000;2400.0;Cement;670621.0
4295;Malappuram;15000;6800.0;Cement;673645.0
4308;Kannur;2700;100.0;Cement;670005.0
4321;Malappuram;6000;2900.0;Cement;673638.0
4322;Malappuram;3200;300.0;Cement;673638.0
4324;Malappuram;3200;1680.0;Cement;673638.0
4331;Malappuram;2000;200.0;Cement;673638.0
4335;Malappuram;8000;3200.0;Cement;673638.0
4337;Kollam;1900;50.0;Cement;690518.0
4343;Ernakulam;1227;100.0;Cement;682030.0
4344;Ernakulam;1050;450.0;Cement;682030.0
4357;Kannur;2250;220.0;Cement;670307.0
4367;Palakkad;1559;500.0;Cement;678573.0
4369;Kannur;3000;240.0;Cement;670309.0
4372;Alappuzha;2000;800.0;Cement;688504.0
4375;Kollam;1200;300.0;Cement;691306.0
4386;Kottayam;2000;200.0;Cement;686632.0
4393;Thrissur;1200;18.0;Cement;680101.0
4401;Kannur;2000;500.0;Cement;670307.0
4418;Thiruvananthapuram;1200;100.0;Cement;695582.0
4439;Alappuzha;1500;50.0;Cement;690103.0
4445;Malappuram;2350;170.0;Cement;673645.0
4462;Kozhikode;1800;640.0;Cement;673029.0
4479;Thiruvananthapuram;1900;1100.0;Cement;695027.0
4492;Malappuram;3000;1000.0;Cement;676303.0
4495;Idukki;1500;100.0;Cement;685553.0
4514;Kozhikode;1750;700.0;Cement;673612.0
4524;Kozhikode;2500;1000.0;Cement;673014.0
4535;Kannur;3200;1200.0;Cement;670504.0
4537;Thiruvananthapuram;2000;1100.0;Cement;695006.0
4546;Malappuram;2000;1200.0;Cement;676303.0
4548;Kannur;40000;14000.0;Cement;670307.0
4549;Malappuram;3000;1200.0;Cement;676303.0
4551;Ernakulam;1867;50.0;Cement;682502.0
4552;Kannur;2200;71.0;Cement;670702.0
4569;Thiruvananthapuram;2600;500.0;Cement;695027.0
4572;Thiruvananthapuram;1500;140.0;Cement;695101.0
4580;Malappuram;1320;528.0;Cement;676528.0
4584;Malappuram;1900;760.0;Cement;676528.0
4595;Kannur;1000;200.0;Cement;670307.0
4596;Malappuram;2000;800.0;Cement;676301.0
4600;Malappuram;2460;984.0;Cement;676302.0
4604;Malappuram;3000;1200.0;Cement;676303.0
4606;Malappuram;1900;800.0;Cement;676301.0
4623;Thiruvananthapuram;1500;600.0;Cement;695582.0
4629;Thiruvananthapuram;1000;50.0;Cement;695015.0
4639;Ernakulam;1200;1000.0;Cement;682304.0
4644;Kannur;3000;1700.0;Cement;670601.0
4649;Palakkad;1787;715.0;Cement;679308.0
4664;Malappuram;840;340.0;Cement;676304.0
4675;Kannur;850;200.0;Cement;670307.0
4680;Kollam;2000;100.0;Cement;691501.0
4686;Kasargod;30000;21000.0;Cement;671315.0
4705;Ernakulam;1600;40.0;Cement;683579.0
4714;Kannur;3600;1500.0;Cement;670504.0
4719;Kannur;6500;2400.0;Cement;670141.0
4731;Kollam;1800;100.0;Cement;690573.0
4737;Kannur;4200;1800.0;Cement;670307.0
4744;Kannur;715;165.0;Cement;670107.0
4768;Kozhikode;1398;560.0;Cement;673010.0
4785;Thiruvananthapuram;1800;1000.0;Cement;695542.0
4794;Ernakulam;1220;500.0;Cement;682305.0
4797;Malappuram;3000;400.0;Cement;676303.0
4798;Ernakulam;2550;120.0;Cement;682019.0
4807;Kozhikode;1500;11350.0;Cement;673001.0
4817;Thrissur;2432;50.0;Cement;680724.0
4841;Kozhikode;500;300.0;Cement;673580.0
4849;Kannur;1500;500.0;Cement;670307.0
4850;Thiruvananthapuram;2200;1000.0;Cement;695584.0
4873;Alappuzha;630;100.0;Cement;688011.0
4891;Thiruvananthapuram;345678;1.0;Cement;695501.0
4892;Kozhikode;2950;100.0;Cement;673508.0
4895;Kollam;16000;1370.0;Cement;691536.0
4911;Kannur;2000;120.0;Cement;670142.0
4943;Ernakulam;2200;700.0;Cement;686672.0
4957;Kozhikode;1837;250.0;Cement;673003.0
4963;Kozhikode;3200;1280.0;Cement;673001.0
4966;Kasargod;2660;50.0;Cement;671124.0
4974;Thiruvananthapuram;2000;100.0;Cement;695304.0
4981;Thiruvananthapuram;2300;4250.0;Cement;695102.0
4990;Kottayam;3132;1300.0;Cement;686608.0
5000;Kottayam;485;250.0;Cement;686608.0
5006;Thiruvananthapuram;2000;20.0;Cement;695582.0
5008;Thiruvananthapuram;2000;1000.0;Cement;695011.0
5017;Ernakulam;1000;50.0;Cement;682031.0
5020;Ernakulam;2300;101.0;Cement;682012.0
5026;Kottayam;1700;1000.0;Cement;686605.0
5031;Kozhikode;2000;50.0;Cement;673004.0
5033;Kozhikode;2500;800.0;Cement;673014.0
5038;Kannur;2200;800.0;Cement;670307.0
5040;Pathanamthitta;1500;50.0;Cement;689551.0
5049;Kozhikode;2594;100.0;Cement;673010.0
5057;Kannur;2900;950.0;Cement;670674.0
5096;Ernakulam;800;150.0;Cement;682301.0
5102;Ernakulam;2090;800.0;Cement;682304.0
5117;Kozhikode;2360;944.0;Cement;673572.0
5118;Kasargod;30000;13250.0;Cement;671315.0
5134;Thiruvananthapuram;1600;600.0;Cement;695317.0
5135;Kottayam;2650;50.0;Cement;686605.0
5148;Thiruvananthapuram;2000;100.0;Cement;695571.0
5155;Kannur;2200;125.0;Cement;670595.0
5156;Thiruvananthapuram;2300;100.0;Cement;695017.0
5189;Thiruvananthapuram;4600;10.0;Cement;695582.0
5196;Kannur;3000;300.0;Cement;670141.0
5197;Ernakulam;2700;1000.0;Cement;686671.0
5200;Malappuram;100;50.0;Cement;679322.0
5208;Kozhikode;1200;50.0;Cement;673513.0
5216;Kasargod;2400;300.0;Cement;671315.0
5217;Thiruvananthapuram;1650;1000.0;Cement;695043.0
5221;Ernakulam;2800;50.0;Cement;682030.0
5226;Malappuram;3000;11000.0;Cement;676303.0
5227;Kannur;1500;350.0;Cement;670142.0
5244;Alappuzha;1500;987.0;Cement;688538.0
5258;Thiruvananthapuram;1000;400.0;Cement;695305.0
5268;Malappuram;1500;600.0;Cement;676503.0
5276;Ernakulam;5379;1500.0;Cement;682020.0
5328;Kozhikode;1700;680.0;Cement;673620.0
5341;Kannur;40;16000.0;Cement;670334.0
5349;Malappuram;950;120.0;Cement;673314.0
5365;Ernakulam;3000;500.0;Cement;683106.0
5370;Kozhikode;2000;50.0;Cement;673542.0
5398;Alappuzha;2000;620.0;Cement;688532.0
5402;Kannur;1673;500.0;Cement;670008.0
5408;Kannur;2400;40.0;Cement;670643.0
5438;Kasargod;1200;1100.0;Cement;671316.0
5453;Ernakulam;3000;1200.0;Cement;682030.0
5461;Malappuram;4000;400.0;Cement;676304.0
5466;Pathanamthitta;1294;50.0;Cement;689645.0
5470;Ernakulam;2100;873.0;Cement;682025.0
5479;Pathanamthitta;1350;100.0;Cement;689548.0
5480;Malappuram;667;185.0;Cement;676561.0
5485;Kannur;33000;2000.0;Cement;670643.0
5487;Kannur;2500;1500.0;Cement;670141.0
5489;Wayanad;2500;300.0;Cement;670721.0
5494;Thiruvananthapuram;2500;1000.0;Cement;695305.0
5501;Ernakulam;1800;720.0;Cement;683585.0
5505;Kollam;2290;800.0;Cement;689695.0
5526;Ernakulam;1500;500.0;Cement;682035.0
5531;Kozhikode;2000;800.0;Cement;673001.0
5532;Wayanad;1500;100.0;Cement;670645.0
5533;Thrissur;2500;20.0;Cement;680506.0
5538;Kannur;3200;300.0;Cement;670571.0
5539;Thiruvananthapuram;2100;1000.0;Cement;695615.0
5541;Thiruvananthapuram;1500;50.0;Cement;695144.0
5545;Palakkad;1992;500.0;Cement;678684.0
5548;Kottayam;915;70.0;Cement;686546.0
5558;Kasargod;55484;49000.0;Cement;671310.0
5565;Kannur;1985;17.0;Cement;670643.0
5580;Thiruvananthapuram;2100;50.0;Cement;695011.0
5583;Malappuram;6000;2400.0;Cement;673638.0
5589;Ernakulam;1280;415.0;Cement;682304.0
5595;Kozhikode;1100;440.0;Cement;673580.0
5599;Palakkad;1190;476.0;Cement;679121.0
5602;Thrissur;2000;1000.0;Cement;680732.0
5604;Malappuram;2300;1000.0;Cement;676501.0
5607;Kottayam;1956;782.0;Cement;686611.0
5613;Thiruvananthapuram;1400;100.0;Cement;695013.0
5625;Malappuram;2527;2012.0;Cement;676501.0
5630;Ernakulam;2558;600.0;Cement;682304.0
5635;Kottayam;3132;1000.0;Cement;686608.0
5642;Kozhikode;2700;1080.0;Cement;673306.0
5651;Ernakulam;900;118.0;Cement;686670.0
5654;Ernakulam;900;50.0;Cement;686670.0
5664;Thiruvananthapuram;3500;50.0;Cement;695541.0
5672;Alappuzha;1300;10.0;Cement;688530.0
5682;Malappuram;850;350.0;Cement;673637.0
5687;Malappuram;5600;2240.0;Cement;676552.0
5691;Thrissur;1500;100.0;Cement;680546.0
5692;Kottayam;1740;50.0;Cement;686546.0
5696;Pathanamthitta;300;100.0;Cement;689673.0
5700;Thiruvananthapuram;2000;100.0;Cement;695042.0
5703;Thiruvananthapuram;1098;450.0;Cement;695015.0
5705;Malappuram;8560;3425.0;Cement;673635.0
5711;Thiruvananthapuram;75814;1200.0;Cement;695009.0
5715;Thiruvananthapuram;23763;5000.0;Cement;695009.0
5722;Kozhikode;2000;800.0;Cement;673007.0
5729;Thiruvananthapuram;2700;3200.0;Cement;695303.0
5749;Ernakulam;2000;1.0;Cement;682020.0
5754;Kannur;1100;50.0;Cement;670503.0
5764;Kollam;500;25.0;Cement;691004.0
5775;Thiruvananthapuram;1250;550.0;Cement;695584.0
5781;Kozhikode;35000;12000.0;Cement;673303.0
5784;Thiruvananthapuram;3000;1000.0;Cement;695581.0
5786;Thrissur;1300;50.0;Cement;680503.0
5787;Ernakulam;1464;585.0;Cement;682030.0
5791;Thiruvananthapuram;1520;500.0;Cement;695526.0
5811;Kollam;2000;800.0;Cement;691601.0
5814;Malappuram;1700;680.0;Cement;676102.0
5820;Thiruvananthapuram;2300;250.0;Cement;695588.0
5823;Kollam;2650;3.0;Cement;691576.0
5825;Thiruvananthapuram;2000;3500.0;Cement;695003.0
5827;Kozhikode;3396;1360.0;Cement;673655.0
5831;Alappuzha;1650;200.0;Cement;690547.0
5843;Thiruvananthapuram;1650;800.0;Cement;695582.0
5846;Ernakulam;40000;1000.0;Cement;682301.0
5872;Thiruvananthapuram;1600;50.0;Cement;695102.0
5879;Ernakulam;2500;1000.0;Cement;686661.0
5880;Thiruvananthapuram;2500;100.0;Cement;695582.0
5882;Malappuram;2000;1010.0;Cement;679325.0
5892;Malappuram;2200;250.0;Cement;676528.0
5894;Thiruvananthapuram;3000;1200.0;Cement;695141.0
5895;Ernakulam;1613;2.0;Cement;686669.0
5901;Thiruvananthapuram;2238;1050.0;Cement;695501.0
5905;Kozhikode;2500;1000.0;Cement;673001.0
5907;Malappuram;2000;10.0;Cement;679585.0
5913;Ernakulam;2000;50.0;Cement;682306.0
5924;Thiruvananthapuram;2000;2000.0;Cement;695101.0
5926;Thiruvananthapuram;1500;50.0;Cement;695541.0
5928;Kottayam;2880;250.0;Cement;686578.0
5931;Thiruvananthapuram;2100;1000.0;Cement;695027.0
5946;Thiruvananthapuram;1500;1000.0;Cement;695017.0
5947;Kozhikode;2500;300.0;Cement;673505.0
5952;Ernakulam;2650;1060.0;Cement;682308.0
5959;Ernakulam;3000;1250.0;Cement;682030.0
5973;Malappuram;3000;1800.0;Cement;676303.0
5977;Ernakulam;1600;800.0;Cement;682306.0
5998;Thiruvananthapuram;20000;15000.0;Cement;695005.0
5999;Kozhikode;1400;5.0;Cement;673010.0
6012;Kollam;4172;220.0;Cement;690539.0
6013;Thiruvananthapuram;1500;50.0;Cement;695304.0
6016;Thrissur;2500;1000.0;Cement;680732.0
6031;Malappuram;4900;205.0;Cement;673635.0
6037;Malappuram;20000;8000.0;Cement;676525.0
6046;Ernakulam;1200;150.0;Cement;682301.0
6060;Ernakulam;3000;1050.0;Cement;683105.0
6067;Ernakulam;2000;300.0;Cement;682020.0
6070;Ernakulam;1000;100000.0;Cement;682015.0
6074;Thiruvananthapuram;3400;500.0;Cement;695005.0
6085;Ernakulam;1500;600.0;Cement;682002.0
6091;Ernakulam;1000;1000.0;Cement;682020.0
6095;Kozhikode;976;300.0;Cement;673305.0
6098;Thiruvananthapuram;12500;3000.0;Cement;695614.0
6100;Ernakulam;2000;400.0;Cement;682024.0
6106;Pathanamthitta;450;110.0;Cement;689551.0
6113;Malappuram;2700;1400.0;Cement;673638.0
6122;Ernakulam;5000;50.0;Cement;683571.0
6140;Ernakulam;1030;411.0;Cement;682002.0
6147;Ernakulam;1877;1500.0;Cement;682306.0
6154;Malappuram;2630;130.0;Cement;676503.0
6158;Thiruvananthapuram;4000;2000.0;Cement;695006.0
6165;Thiruvananthapuram;3000;1000.0;Cement;695004.0
6177;Kozhikode;1500;100.0;Cement;673001.0
6200;Malappuram;2000;1000.0;Cement;676305.0
6208;Malappuram;2000;1000.0;Cement;676303.0
6212;Malappuram;1624;660.0;Cement;676523.0
6215;Ernakulam;1740;50.0;Cement;682308.0
6219;Kannur;1850;700.0;Cement;670521.0
6224;Ernakulam;3000;300.0;Cement;682019.0
6227;Kozhikode;1800;200.0;Cement;673632.0
6234;Thiruvananthapuram;1262;600.0;Cement;695587.0
6235;Malappuram;3100;110.0;Cement;676509.0
6237;Thrissur;1374;10.0;Cement;680123.0
6250;Malappuram;2600;1040.0;Cement;676107.0
6253;Thiruvananthapuram;2000;50.0;Cement;695587.0
6257;Thiruvananthapuram;2510;1000.0;Cement;695581.0
6265;Kozhikode;2000;845.0;Cement;673001.0
6267;Pathanamthitta;2650;150.0;Cement;689626.0
6273;Malappuram;1660;664.0;Cement;679326.0
6279;Palakkad;850;50.0;Cement;678501.0
6302;Ernakulam;150000;30.0;Cement;682030.0
6305;Kasargod;100000;40000.0;Cement;671531.0
6308;Ernakulam;1000;500.0;Cement;682020.0
6311;Malappuram;2600;1000.0;Cement;679326.0
6312;Malappuram;1800;600.0;Cement;679321.0
6313;Thrissur;50000;10100.0;Cement;680555.0
6318;Malappuram;2250;100.0;Cement;676307.0
6328;Thiruvananthapuram;4675;173.0;Cement;695310.0
6332;Kannur;3000;35.0;Cement;670308.0
6353;Kozhikode;3800;200.0;Cement;673002.0
6363;Malappuram;1800;1000.0;Cement;679330.0
6370;Ernakulam;1800;587.0;Cement;682305.0
6376;Ernakulam;2520;500.0;Cement;682026.0
6379;Alappuzha;2090;2690.0;Cement;690101.0
6388;Kottayam;1700;500.0;Cement;686572.0
6395;Thiruvananthapuram;2250;1000.0;Cement;695501.0
6412;Ernakulam;4800;1000.0;Cement;682301.0
6420;Wayanad;1200;100.0;Cement;673592.0
6442;Malappuram;3000;375.0;Cement;679333.0
6444;Thiruvananthapuram;1518;800.0;Cement;695317.0
6489;Kottayam;2200;153.0;Cement;686635.0
6507;Kozhikode;2500;900.0;Cement;673504.0
6531;Ernakulam;2400;667.0;Cement;682024.0
6556;Kottayam;4000;100.0;Cement;686575.0
6564;Thrissur;1000;200.0;Cement;680681.0
6583;Kozhikode;2800;1120.0;Cement;673655.0
6585;Ernakulam;2400;1306.0;Cement;682038.0
6597;Ernakulam;1130;50.0;Cement;683101.0
6609;Ernakulam;7013;2515.0;Cement;682024.0
6615;Ernakulam;3500;100.0;Cement;683105.0
6620;Kozhikode;1500;250.0;Cement;673012.0
6624;Thiruvananthapuram;1600;30.0;Cement;695306.0
6633;Malappuram;3200;100.0;Cement;679334.0
6634;Ernakulam;4516;1659.0;Cement;682024.0
6640;Wayanad;13500;1600.0;Cement;673575.0
6642;Kollam;2023;276.0;Cement;690573.0
6650;Kottayam;7200;300.0;Cement;686561.0
6653;Palakkad;1500;50.0;Cement;678013.0
6659;Kozhikode;1300;520.0;Cement;673521.0
6661;Kozhikode;900;200.0;Cement;673503.0
6667;Ernakulam;2655;30.0;Cement;682506.0
6671;Idukki;1500;50.0;Cement;685561.0
6684;Thrissur;30000;100.0;Cement;680751.0
6688;Malappuram;1750;600.0;Cement;676303.0
6691;Kozhikode;7000;5000.0;Cement;673007.0
6695;Kozhikode;2000;2400.0;Cement;673001.0
6699;Ernakulam;1200;50.0;Cement;683105.0
6717;Ernakulam;2800;120.0;Cement;683545.0
6720;Thrissur;2270;850.0;Cement;680508.0
6726;Kozhikode;3000;600.0;Cement;673525.0
6733;Malappuram;7500;1000.0;Cement;676304.0
6741;Thiruvananthapuram;1600;100.0;Cement;695015.0
6746;Ernakulam;1700;100.0;Cement;682021.0
6751;Malappuram;2400;2000.0;Cement;676519.0
6773;Ernakulam;1490;100.0;Cement;686664.0
6785;Thiruvananthapuram;1800;100.0;Cement;695013.0
6787;Kozhikode;2500;30.0;Cement;673106.0
6788;Alappuzha;1959;50.0;Cement;688561.0
6801;Ernakulam;3000;1000.0;Cement;682001.0
6805;Ernakulam;3100;180.0;Cement;682024.0
6811;Kollam;1800;65.0;Cement;691512.0
6814;Kozhikode;1200;15.0;Cement;673612.0
6834;Kozhikode;1500;250.0;Cement;673012.0
6843;Thrissur;3500;100.0;Cement;680307.0
6857;Kozhikode;2200;800.0;Cement;673522.0
6869;Malappuram;2000;400.0;Cement;673639.0
6873;Malappuram;1800;50.0;Cement;679586.0
6877;Kozhikode;850;210.0;Cement;673614.0
6886;Ernakulam;2100;1000.0;Cement;682304.0
6892;Thiruvananthapuram;5350;1600.0;Cement;695145.0
6894;Kottayam;1900;51.0;Cement;686577.0
6897;Kozhikode;3500;800.0;Cement;673613.0
6916;Thrissur;2100;50.0;Cement;680307.0
6923;Malappuram;1400;100.0;Cement;673642.0
6928;Malappuram;2500;4000.0;Cement;676303.0
6931;Malappuram;42000;1150.0;Cement;676101.0
6936;Malappuram;2000;25.0;Cement;673639.0
6947;Malappuram;4000;1000.0;Cement;673639.0
6948;Kozhikode;2600;500.0;Cement;673009.0
6951;Thrissur;2200;100.0;Cement;680307.0
6955;Kasargod;2200;100.0;Cement;671314.0
6963;Kozhikode;26000;500.0;Cement;673008.0
6967;Kozhikode;1931;200.0;Cement;673611.0
6973;Malappuram;2500;1000.0;Cement;676302.0
6976;Kozhikode;2400;300.0;Cement;673315.0
6984;Kozhikode;2000;100.0;Cement;673019.0
6985;Kozhikode;1650;100.0;Cement;673021.0
6987;Malappuram;2500;65.0;Cement;676525.0
6996;Kozhikode;1200;480.0;Cement;673103.0
6999;Kozhikode;1250;500.0;Cement;673103.0
7006;Thiruvananthapuram;1850;2000.0;Cement;695103.0
7008;Palakkad;1800;300.0;Cement;678103.0
7016;Malappuram;3000;200.0;Cement;679334.0
7019;Malappuram;1600;60.0;Cement;679333.0
7021;Kozhikode;9;495.0;Cement;673028.0
7022;Kasargod;4000;500.0;Cement;671121.0
7025;Malappuram;2500;1000.0;Cement;676303.0
7027;Malappuram;10000;1000.0;Cement;673638.0
7031;Palakkad;2613;1.0;Cement;678541.0
7037;Palakkad;2613;18.0;Cement;678541.0
7039;Ernakulam;2000;200.0;Cement;683102.0
7044;Ernakulam;2000;200.0;Cement;683101.0
7046;Ernakulam;2000;200.0;Cement;682021.0
7047;Kottayam;1500;50.0;Cement;686104.0
7048;Malappuram;1900;200.0;Cement;676123.0
7050;Malappuram;2000;50.0;Cement;676121.0
7051;Alappuzha;1600;50.0;Cement;690107.0
7056;Pathanamthitta;1600;49.0;Cement;689588.0
7057;Malappuram;1500;200.0;Cement;673638.0
7058;Thrissur;2800;400.0;Cement;680732.0
7060;Malappuram;1000;100.0;Cement;679328.0
7064;Kozhikode;3000;700.0;Cement;673508.0
7069;Kozhikode;2400;600.0;Cement;673508.0
7078;Kozhikode;2500;50.0;Cement;673586.0
7082;Kozhikode;1500;900.0;Cement;673504.0
7095;Kozhikode;1200;480.0;Cement;673101.0
7103;Kozhikode;2000;500.0;Cement;673503.0
7108;Kozhikode;1500;600.0;Cement;673574.0
7113;Malappuram;1700;200.0;Cement;679330.0
7115;Kottayam;3000;206.0;Cement;686608.0
7119;Kozhikode;646;260.0;Cement;673101.0
7124;Malappuram;2000;1000.0;Cement;673639.0
7137;Kannur;5000;220.0;Cement;670307.0
7144;Malappuram;2200;25.0;Cement;676501.0
7145;Malappuram;2048;100.0;Cement;679334.0
7148;Kozhikode;13000;100.0;Cement;673006.0
7153;Kozhikode;3500;630.0;Cement;673611.0
7156;Thiruvananthapuram;15000;20.0;Cement;695582.0
7163;Kozhikode;1024;50.0;Cement;673003.0
7172;Kannur;8000;900.0;Cement;670141.0
7174;Palakkad;1500;200.0;Cement;678706.0
7180;Malappuram;2700;200.0;Cement;676123.0
7183;Thiruvananthapuram;2000;200.0;Cement;695582.0
7192;Kozhikode;3500;1625.0;Cement;673305.0
7198;Ernakulam;3500;100.0;Cement;682030.0
7201;Kasargod;10000;900.0;Cement;671313.0
7208;Palakkad;1200;50.0;Cement;678001.0
7226;Ernakulam;1500;500.0;Cement;682018.0
7238;Kozhikode;1800;100.0;Cement;673102.0
7239;Thiruvananthapuram;2040;100.0;Cement;695584.0
7242;Malappuram;1000;150.0;Cement;673642.0
7247;Pathanamthitta;1200;100.0;Cement;689544.0
7250;Kozhikode;1200;40.0;Cement;673106.0
7254;Idukki;1350;300.0;Cement;685584.0
7256;Malappuram;1850;750.0;Cement;679334.0
7269;Ernakulam;2500;1000.0;Cement;686668.0
7272;Kozhikode;2000;250.0;Cement;673020.0
7274;Palakkad;3000;200.0;Cement;678732.0
7288;Kozhikode;2500;80.0;Cement;673009.0
7292;Thiruvananthapuram;5000;2000.0;Cement;695013.0
7297;Kozhikode;2300;150.0;Cement;673571.0
7305;Alappuzha;1680;100.0;Cement;690503.0
7319;Kozhikode;1500;600.0;Cement;673012.0
7323;Palakkad;2400;400.0;Cement;678001.0
7327;Palakkad;2000;300.0;Cement;678001.0
7333;Kozhikode;2200;170.0;Cement;673616.0
7353;Kozhikode;1900;760.0;Cement;673315.0
7365;Ernakulam;1300;10.0;Cement;686669.0
7367;Kottayam;2500;100.0;Cement;686605.0
7373;Ernakulam;1200;300.0;Cement;683545.0
7375;Ernakulam;2000;1000.0;Cement;683108.0
7377;Kozhikode;3000;750.0;Cement;673004.0
7383;Kozhikode;200;150.0;Cement;673032.0
7390;Kozhikode;3600;400.0;Cement;673506.0
7393;Kasargod;2200;50.0;Cement;671310.0
7394;Malappuram;2000;50.0;Cement;676541.0
7418;Kozhikode;2100;840.0;Cement;673010.0
7423;Palakkad;2500;100.0;Cement;678595.0
7446;Kasargod;20000;800.0;Cement;671315.0
7458;Kozhikode;1200;2200.0;Cement;673008.0
7470;Kannur;5000;1000.0;Cement;670671.0
7473;Kozhikode;1400;400.0;Cement;673104.0
7476;Kozhikode;1500;50.0;Cement;673522.0
7477;Thiruvananthapuram;2000;20000.0;Cement;695013.0
7488;Ernakulam;1500;175.0;Cement;683106.0
7495;Thiruvananthapuram;700;50.0;Cement;695028.0
7499;Kozhikode;1800;60.0;Cement;673010.0
7504;Kannur;2200;50.0;Cement;670676.0
7505;Kozhikode;2000;50.0;Cement;673001.0
7514;Kozhikode;3403;1360.0;Cement;673586.0
7515;Kozhikode;2000;100.0;Cement;673019.0
7530;Malappuram;3000;200.0;Cement;679330.0
7542;Ernakulam;3000;50.0;Cement;683572.0
7544;Kozhikode;2500;10.0;Cement;673602.0
7545;Kozhikode;1800;100.0;Cement;673106.0
7553;Kozhikode;1800;120.0;Cement;673522.0
7557;Thiruvananthapuram;5000;500.0;Cement;695011.0
7560;Kozhikode;3000;150.0;Cement;673008.0
7572;Ernakulam;2000;500.0;Cement;683101.0
7582;Ernakulam;9120;3200.0;Cement;682019.0
7589;Kozhikode;2150;30.0;Cement;673012.0
7592;Ernakulam;1300;450.0;Cement;682305.0
7597;Kozhikode;3200;130.0;Cement;673008.0
7605;Kozhikode;2100;75.0;Cement;673612.0
7608;Kozhikode;2000;600.0;Cement;673602.0
7619;Kottayam;3500;50.0;Cement;686585.0
7641;Kozhikode;1000;100.0;Cement;673503.0
7642;Kozhikode;5000;375.0;Cement;673027.0
7643;Thiruvananthapuram;1200;50.0;Cement;695020.0
7658;Thrissur;1200;90.0;Cement;680601.0
7662;Ernakulam;1000;50.0;Cement;683572.0
7677;Ernakulam;1500;600.0;Cement;682305.0
7687;Kozhikode;2000;150.0;Cement;673003.0
7702;Kannur;100;1.0;Cement;670012.0
7703;Kottayam;2000;1.0;Cement;686585.0
7704;Kozhikode;1200;65.0;Cement;673503.0
7706;Kozhikode;2000;150.0;Cement;673105.0
7709;Kozhikode;2000;150.0;Cement;673001.0
7717;Kozhikode;3000;260.0;Cement;673503.0
7720;Kozhikode;1900;50.0;Cement;673008.0
7721;Kozhikode;2300;300.0;Cement;673016.0
7725;Kozhikode;2800;300.0;Cement;673002.0
7728;Kozhikode;1800;25.0;Cement;673504.0
7730;Kozhikode;1500;40.0;Cement;673001.0
7731;Kozhikode;2500;100.0;Cement;673006.0
7737;Ernakulam;1000;200.0;Cement;682304.0
7744;Kozhikode;2000;572.0;Cement;673616.0
7758;Ernakulam;2000;1000.0;Cement;682019.0
7767;Pathanamthitta;2000;100.0;Cement;689541.0
7770;Ernakulam;3000;50.0;Cement;683104.0
7772;Kozhikode;3000;2000.0;Cement;673001.0
7783;Kozhikode;1000;30.0;Cement;673304.0
7790;Kozhikode;2200;880.0;Cement;673613.0
7798;Alappuzha;2200;100.0;Cement;688526.0
7801;Malappuram;2000;250.0;Cement;676503.0
7827;Malappuram;830;100.0;Cement;676303.0
7829;Kozhikode;2000;155.0;Cement;673106.0
7832;Ernakulam;1000;345.0;Cement;682024.0
7852;Ernakulam;2000;200.0;Cement;682036.0
7857;Kozhikode;1210;50.0;Cement;673105.0
7870;Ernakulam;1000;300.0;Cement;683101.0
7874;Kozhikode;1300;60.0;Cement;673011.0
7878;Kozhikode;10000;150.0;Cement;673507.0
7879;Kozhikode;2000;500.0;Cement;673008.0
7884;Malappuram;7400;1000.0;Cement;679329.0
7889;Kozhikode;1250;5.0;Cement;673029.0
7891;Kozhikode;16500;2500.0;Cement;673001.0
7893;Ernakulam;1500;1500.0;Cement;686661.0
7897;Kozhikode;2000;550.0;Cement;673032.0
7901;Pathanamthitta;3000;940.0;Cement;689654.0
7930;Kozhikode;3000;500.0;Cement;673661.0
7938;Kozhikode;2000;325.0;Cement;673002.0
7939;Kozhikode;2000;50.0;Cement;673541.0
7945;Ernakulam;1000;100.0;Cement;682030.0
7957;Thrissur;1750;100.0;Cement;680702.0
7966;Malappuram;3000;200.0;Cement;676552.0
7968;Ernakulam;2000;50.0;Cement;683572.0
7969;Ernakulam;2646;400.0;Cement;682020.0
7973;Ernakulam;550;100.0;Cement;682314.0
7974;Kasargod;1950;1000.0;Cement;671311.0
7991;Kannur;2000;50.0;Cement;670643.0
8022;Pathanamthitta;2680;1500.0;Cement;689549.0
8023;Ernakulam;1500;500.0;Cement;682020.0
8036;Kollam;2600;300.0;Cement;691003.0
8078;Kozhikode;2000;200.0;Cement;673009.0
8099;Kozhikode;10000;4000.0;Cement;673019.0
8102;Palakkad;2000;150.0;Cement;678510.0
8103;Kozhikode;2000;50.0;Cement;673006.0
8114;Thiruvananthapuram;1500;50.0;Cement;695006.0
8118;Palakkad;1075;50.0;Cement;678546.0
8121;Ernakulam;1500;400.0;Cement;683513.0
8128;Kozhikode;8000;1000.0;Cement;673601.0
8129;Kozhikode;6000;1000.0;Cement;673017.0
8136;Kozhikode;2000;80.0;Cement;673021.0
8147;Ernakulam;2000;170.0;Cement;682020.0
8150;Kozhikode;3500;200.0;Cement;673003.0
8151;Kasargod;1500;300.0;Cement;671314.0
8155;Thiruvananthapuram;2600;25.0;Cement;695317.0
8176;Malappuram;5000;200.0;Cement;676303.0
8185;Ernakulam;5000;50.0;Cement;682010.0
8206;Palakkad;6000;12.0;Cement;679335.0
8209;Palakkad;10000;420.0;Cement;678631.0
8210;Kozhikode;2000;100.0;Cement;673009.0
8211;Kannur;25000;20000.0;Cement;670308.0
8213;Pathanamthitta;1500;50.0;Cement;689646.0
8245;Kannur;2500;100.0;Cement;670511.0
8247;Kozhikode;42000;100.0;Cement;673001.0
8251;Kozhikode;1500;100.0;Cement;673616.0
8257;Thiruvananthapuram;1200;50.0;Cement;695013.0
8259;Kozhikode;2000;100.0;Cement;673012.0
8264;Kozhikode;1500;210.0;Cement;673522.0
8265;Kozhikode;2000;70.0;Cement;673019.0
8279;Kozhikode;2500;200.0;Cement;673009.0
8293;Kozhikode;2000;300.0;Cement;673601.0
8294;Ernakulam;3000;150.0;Cement;683581.0
8295;Ernakulam;1500;500.0;Cement;682310.0
8299;Ernakulam;100;5.0;Cement;682017.0
8301;Kozhikode;2700;101.0;Cement;673014.0
8302;Kozhikode;1800;80.0;Cement;673611.0
8312;Ernakulam;2291;548.0;Cement;682024.0
8319;Thiruvananthapuram;2500;500.0;Cement;695582.0
8322;Kottayam;1700;20.0;Cement;686605.0
8333;Ernakulam;2000;99.0;Cement;682024.0
8358;Ernakulam;2000;208.0;Cement;683101.0
8375;Thrissur;800;10.0;Cement;680555.0
8379;Thiruvananthapuram;1100;400.0;Cement;695024.0
8388;Kozhikode;1500;600.0;Cement;673611.0
8393;Kollam;2000;100.0;Cement;691532.0
8398;Malappuram;2000;2000.0;Cement;673634.0
8405;Kozhikode;2500;200.0;Cement;673574.0
8416;Ernakulam;2500;150.0;Cement;682307.0
8426;Wayanad;14000;200.0;Cement;673575.0
